Model,Accuracy,Precision,Recall,F1_Macro,ROC_AUC
Logistic Regression,0.881447963800905,0.9566473988439307,0.7404921700223713,0.8711778520772355,0.9724272080672907
Random Forest,0.9963800904977376,0.9988738738738738,0.9921700223713646,0.9962390308612195,0.9999111775225583
SVM,0.9556561085972851,0.9806763285024155,0.9082774049217002,0.9533831142610907,0.9876358261425376
Tiny Transformer,0.6411764705882353,0.7988165680473372,0.15100671140939598,0.5088876502701002,0.7207625303441382
