Model,Accuracy,Precision_macro,Recall_macro,F1_macro,ROC_AUC_macro
Logistic Regression,0.8462007934086054,0.9215714494264308,0.6734521004980415,0.7455392751934485,0.985212674315122
Random Forest,0.9993896856881294,0.9997015816174276,0.998389694041868,0.9990436214866373,0.9996019153081327
Tiny Transformer,0.8111077204760452,0.7410336663823226,0.6736486655024652,0.6892311419919056,0.8915657284819387
